task,modality,comparison_model_id,comparison_representation,requested_n,median_effective_n,median_delta,central_95_low,central_95_high,central_95_width,sign_consistency,valid_repeats
BBBP,molecule,chemberta_zinc,ChemBERTa-ZINC,50,50,-0.0139,-0.0644,0.015,0.0795,0.7925,400
BBBP,molecule,chemberta_zinc,ChemBERTa-ZINC,51,51,-0.0153,-0.0674,0.0116,0.079,0.81,400
BBBP,molecule,chemberta_zinc,ChemBERTa-ZINC,100,100,-0.0169,-0.0422,0.0041,0.0463,0.92,400
BBBP,molecule,chemberta_zinc,ChemBERTa-ZINC,102,102,-0.0173,-0.0406,0.002,0.0426,0.945,400
BBBP,molecule,chemberta_zinc,ChemBERTa-ZINC,150,150,-0.0184,-0.0289,-0.0044,0.0245,0.995,400
BBBP,molecule,chemberta_zinc,ChemBERTa-ZINC,153,153,-0.0184,-0.0293,-0.0059,0.0234,0.9975,400
BBBP,molecule,molformer_xl,MoLFormer-XL,50,50,0.0,-0.0317,0.0357,0.0674,0.4675,400
BBBP,molecule,molformer_xl,MoLFormer-XL,51,51,-0.0015,-0.032,0.0296,0.0616,0.52,400
BBBP,molecule,molformer_xl,MoLFormer-XL,100,100,-0.0009,-0.0173,0.0148,0.032,0.525,400
BBBP,molecule,molformer_xl,MoLFormer-XL,102,102,-0.0012,-0.0156,0.0151,0.0307,0.54,400
BBBP,molecule,molformer_xl,MoLFormer-XL,150,150,-0.0004,-0.0092,0.0079,0.0171,0.52,400
BBBP,molecule,molformer_xl,MoLFormer-XL,153,153,0.0002,-0.0084,0.0092,0.0177,0.485,400
BBBP,molecule,grover_large,GROVER Large,50,50,0.0197,-0.0397,0.1003,0.14,0.725,400
BBBP,molecule,grover_large,GROVER Large,51,51,0.0229,-0.0321,0.0914,0.1235,0.805,400
BBBP,molecule,grover_large,GROVER Large,100,100,0.0205,-0.0085,0.0523,0.0607,0.915,400
BBBP,molecule,grover_large,GROVER Large,102,102,0.0208,-0.0098,0.0506,0.0604,0.915,400
BBBP,molecule,grover_large,GROVER Large,150,150,0.021,0.004,0.0364,0.0324,0.99,400
BBBP,molecule,grover_large,GROVER Large,153,153,0.0204,0.0027,0.0369,0.0342,0.9875,400
BBBP,molecule,rdkit2d,RDKit2D,50,50,0.0343,-0.025,0.1165,0.1415,0.8575,400
BBBP,molecule,rdkit2d,RDKit2D,51,51,0.0322,-0.0303,0.1118,0.1422,0.865,400
BBBP,molecule,rdkit2d,RDKit2D,100,100,0.031,-0.0033,0.0714,0.0747,0.95,400
BBBP,molecule,rdkit2d,RDKit2D,102,102,0.0342,0.0013,0.0684,0.0671,0.9775,400
BBBP,molecule,rdkit2d,RDKit2D,150,150,0.0328,0.0131,0.0544,0.0413,1.0,400
BBBP,molecule,rdkit2d,RDKit2D,153,153,0.0315,0.0125,0.0484,0.0359,1.0,400
BBBP,molecule,grover_base,GROVER Base,50,50,0.0338,-0.0145,0.1349,0.1494,0.8925,400
BBBP,molecule,grover_base,GROVER Base,51,51,0.0384,-0.0243,0.1163,0.1406,0.8725,400
BBBP,molecule,grover_base,GROVER Base,100,100,0.0353,0.0037,0.077,0.0733,0.99,400
BBBP,molecule,grover_base,GROVER Base,102,102,0.036,0.0038,0.0842,0.0804,0.9825,400
BBBP,molecule,grover_base,GROVER Base,150,150,0.0351,0.0142,0.0568,0.0426,1.0,400
BBBP,molecule,grover_base,GROVER Base,153,153,0.0362,0.0163,0.0548,0.0385,1.0,400
BBBP,molecule,ecfp4,ECFP4,50,50,0.0399,-0.0268,0.1649,0.1917,0.875,400
BBBP,molecule,ecfp4,ECFP4,51,51,0.0392,-0.032,0.1565,0.1885,0.8575,400
BBBP,molecule,ecfp4,ECFP4,100,100,0.039,-0.0029,0.0909,0.0939,0.965,400
BBBP,molecule,ecfp4,ECFP4,102,102,0.0416,-0.0,0.0924,0.0924,0.975,400
BBBP,molecule,ecfp4,ECFP4,150,150,0.0419,0.0173,0.0692,0.0519,1.0,400
BBBP,molecule,ecfp4,ECFP4,153,153,0.0414,0.0148,0.0676,0.0528,1.0,400
BBBP,molecule,unimol_v1,Uni-Mol v1,50,50,0.053,-0.0249,0.1382,0.1631,0.9125,400
BBBP,molecule,unimol_v1,Uni-Mol v1,51,51,0.0486,-0.0121,0.1396,0.1517,0.925,400
BBBP,molecule,unimol_v1,Uni-Mol v1,100,100,0.0455,0.0096,0.0869,0.0773,0.99,400
BBBP,molecule,unimol_v1,Uni-Mol v1,102,102,0.0445,0.0111,0.0905,0.0794,0.995,400
BBBP,molecule,unimol_v1,Uni-Mol v1,150,150,0.0459,0.0245,0.0672,0.0427,1.0,400
BBBP,molecule,unimol_v1,Uni-Mol v1,153,153,0.0467,0.0248,0.0657,0.0409,1.0,400
BBBP,molecule,molclr_gin,MolCLR GIN,50,50,0.0747,0.0099,0.1959,0.186,0.99,400
BBBP,molecule,molclr_gin,MolCLR GIN,51,51,0.0742,0.0045,0.1689,0.1644,0.975,400
BBBP,molecule,molclr_gin,MolCLR GIN,100,100,0.0693,0.0305,0.1306,0.1001,1.0,400
BBBP,molecule,molclr_gin,MolCLR GIN,102,102,0.071,0.029,0.1249,0.0959,1.0,400
BBBP,molecule,molclr_gin,MolCLR GIN,150,150,0.0692,0.047,0.0982,0.0513,1.0,400
BBBP,molecule,molclr_gin,MolCLR GIN,153,153,0.0698,0.0474,0.0957,0.0483,1.0,400
ClinTox,molecule,chemberta_77m,ChemBERTa-77M,37,37,0.0,-0.02,0.059,0.079,0.3643,387
ClinTox,molecule,chemberta_77m,ChemBERTa-77M,50,50,0.0,-0.0089,0.044,0.0529,0.5089,395
ClinTox,molecule,chemberta_77m,ChemBERTa-77M,74,74,0.0062,-0.0029,0.029,0.0319,0.805,400
ClinTox,molecule,chemberta_77m,ChemBERTa-77M,100,100,0.0088,-0.0,0.0223,0.0223,0.95,400
ClinTox,molecule,chemberta_77m,ChemBERTa-77M,111,111,0.0094,0.0012,0.0188,0.0176,0.985,400
ClinTox,molecule,molformer_xl,MoLFormer-XL,37,37,0.0,-0.0092,0.0862,0.0954,0.2931,389
ClinTox,molecule,molformer_xl,MoLFormer-XL,50,50,0.0,-0.0044,0.0733,0.0777,0.4307,397
ClinTox,molecule,molformer_xl,MoLFormer-XL,74,74,0.0137,-0.0025,0.0452,0.0476,0.6,400
ClinTox,molecule,molformer_xl,MoLFormer-XL,100,100,0.016,-0.0015,0.0295,0.031,0.71,400
ClinTox,molecule,molformer_xl,MoLFormer-XL,111,111,0.0155,-0.0008,0.0262,0.027,0.81,400
ClinTox,molecule,grover_large,GROVER Large,37,37,0.0714,0.0,0.2741,0.2741,0.9167,384
ClinTox,molecule,grover_large,GROVER Large,50,50,0.0866,0.0067,0.2128,0.2061,0.9823,396
ClinTox,molecule,grover_large,GROVER Large,74,74,0.0944,0.0208,0.1769,0.1561,0.995,400
ClinTox,molecule,grover_large,GROVER Large,100,100,0.0967,0.0371,0.1452,0.1081,1.0,400
ClinTox,molecule,grover_large,GROVER Large,111,111,0.0982,0.0501,0.1339,0.0838,1.0,400
ClinTox,molecule,grover_base,GROVER Base,37,37,0.0784,0.0,0.2266,0.2266,0.899,386
ClinTox,molecule,grover_base,GROVER Base,50,50,0.0909,0.0,0.2025,0.2025,0.9598,398
ClinTox,molecule,grover_base,GROVER Base,74,74,0.0956,0.0281,0.1694,0.1413,0.995,400
ClinTox,molecule,grover_base,GROVER Base,100,100,0.0968,0.0434,0.1392,0.0958,1.0,400
ClinTox,molecule,grover_base,GROVER Base,111,111,0.0986,0.057,0.1324,0.0753,1.0,400
ClinTox,molecule,rdkit2d,RDKit2D,37,37,0.1215,0.0041,0.3473,0.3432,0.9768,388
ClinTox,molecule,rdkit2d,RDKit2D,50,50,0.1312,0.0,0.2869,0.2869,0.9724,399
ClinTox,molecule,rdkit2d,RDKit2D,74,74,0.1282,0.0205,0.2421,0.2216,0.995,400
ClinTox,molecule,rdkit2d,RDKit2D,100,100,0.1312,0.0654,0.1924,0.127,1.0,400
ClinTox,molecule,rdkit2d,RDKit2D,111,111,0.1339,0.0727,0.1941,0.1213,1.0,400
ClinTox,molecule,ecfp4,ECFP4,37,37,0.1029,0.0,0.4472,0.4472,0.9241,395
ClinTox,molecule,ecfp4,ECFP4,50,50,0.1367,0.0077,0.3555,0.3478,0.9848,394
ClinTox,molecule,ecfp4,ECFP4,74,74,0.1388,0.0114,0.2631,0.2517,0.9975,400
ClinTox,molecule,ecfp4,ECFP4,100,100,0.1397,0.0409,0.2139,0.173,1.0,400
ClinTox,molecule,ecfp4,ECFP4,111,111,0.141,0.0434,0.1989,0.1555,1.0,400
ClinTox,molecule,unimol_v1,Uni-Mol v1,37,37,0.2973,0.0,0.8286,0.8286,0.9711,381
ClinTox,molecule,unimol_v1,Uni-Mol v1,50,50,0.3181,0.0208,0.6094,0.5886,0.9975,396
ClinTox,molecule,unimol_v1,Uni-Mol v1,74,74,0.3144,0.0926,0.5174,0.4248,1.0,400
ClinTox,molecule,unimol_v1,Uni-Mol v1,100,100,0.3069,0.1631,0.4327,0.2696,1.0,400
ClinTox,molecule,unimol_v1,Uni-Mol v1,111,111,0.3088,0.1669,0.419,0.2521,1.0,400
BACE,molecule,ecfp4,ECFP4,38,39,-0.059,-0.1917,0.0418,0.2335,0.8625,400
BACE,molecule,ecfp4,ECFP4,50,51,-0.062,-0.1744,0.0256,0.2,0.9075,400
BACE,molecule,ecfp4,ECFP4,76,77,-0.0641,-0.1309,0.0007,0.1316,0.9725,400
BACE,molecule,ecfp4,ECFP4,100,101,-0.0651,-0.104,-0.0147,0.0893,0.9975,400
BACE,molecule,ecfp4,ECFP4,114,115,-0.0673,-0.0988,-0.0165,0.0823,1.0,400
BACE,molecule,ecfp4,ECFP4,150,150,-0.0644,-0.0706,-0.059,0.0116,1.0,400
BACE,molecule,grover_base,GROVER Base,38,39,-0.0412,-0.18,0.0445,0.2245,0.7975,400
BACE,molecule,grover_base,GROVER Base,50,51,-0.0551,-0.1526,0.0292,0.1818,0.88,400
BACE,molecule,grover_base,GROVER Base,76,77,-0.0613,-0.1296,0.0043,0.1338,0.955,400
BACE,molecule,grover_base,GROVER Base,100,101,-0.0593,-0.0987,-0.0079,0.0908,0.99,400
BACE,molecule,grover_base,GROVER Base,114,115,-0.0599,-0.0908,-0.0175,0.0733,1.0,400
BACE,molecule,grover_base,GROVER Base,150,150,-0.0585,-0.0626,-0.0523,0.0104,1.0,400
BACE,molecule,grover_large,GROVER Large,38,39,-0.0392,-0.1762,0.0525,0.2287,0.765,400
BACE,molecule,grover_large,GROVER Large,50,51,-0.0515,-0.1471,0.0357,0.1828,0.8625,400
BACE,molecule,grover_large,GROVER Large,76,77,-0.0522,-0.1179,0.0081,0.126,0.94,400
BACE,molecule,grover_large,GROVER Large,100,100,-0.056,-0.094,-0.0085,0.0855,0.995,400
BACE,molecule,grover_large,GROVER Large,114,115,-0.0559,-0.086,-0.021,0.065,1.0,400
BACE,molecule,grover_large,GROVER Large,150,150,-0.0553,-0.0605,-0.0496,0.0109,1.0,400
BACE,molecule,chemberta_77m,ChemBERTa-77M,38,39,0.0145,-0.1415,0.1112,0.2526,0.435,400
BACE,molecule,chemberta_77m,ChemBERTa-77M,50,51,-0.0073,-0.1213,0.1015,0.2228,0.5575,400
BACE,molecule,chemberta_77m,ChemBERTa-77M,76,77,-0.0086,-0.0805,0.0509,0.1314,0.6,400
BACE,molecule,chemberta_77m,ChemBERTa-77M,100,101,-0.0105,-0.0579,0.0346,0.0925,0.68,400
BACE,molecule,chemberta_77m,ChemBERTa-77M,114,115,-0.0141,-0.0451,0.0266,0.0716,0.7275,400
BACE,molecule,chemberta_77m,ChemBERTa-77M,150,150,-0.0126,-0.0204,-0.0084,0.0121,1.0,400
BACE,molecule,rdkit2d,RDKit2D,38,39,0.0048,-0.1514,0.1396,0.291,0.4725,400
BACE,molecule,rdkit2d,RDKit2D,50,51,0.0005,-0.1406,0.1379,0.2785,0.4925,400
BACE,molecule,rdkit2d,RDKit2D,76,77,-0.0037,-0.0853,0.0918,0.1771,0.5325,400
BACE,molecule,rdkit2d,RDKit2D,100,101,-0.0111,-0.0601,0.0651,0.1252,0.6125,400
BACE,molecule,rdkit2d,RDKit2D,114,115,-0.0083,-0.0466,0.0575,0.1041,0.6125,400
BACE,molecule,rdkit2d,RDKit2D,150,150,-0.0053,-0.0126,0.0002,0.0128,0.9675,400
BACE,molecule,molclr_gin,MolCLR GIN,38,39,0.0149,-0.1183,0.1123,0.2306,0.5975,400
BACE,molecule,molclr_gin,MolCLR GIN,50,51,0.0135,-0.0857,0.1015,0.1872,0.6375,400
BACE,molecule,molclr_gin,MolCLR GIN,76,77,0.01,-0.0684,0.0711,0.1396,0.595,400
BACE,molecule,molclr_gin,MolCLR GIN,100,101,0.0061,-0.04,0.0507,0.0907,0.59,400
BACE,molecule,molclr_gin,MolCLR GIN,114,115,0.0057,-0.026,0.0474,0.0733,0.6125,400
BACE,molecule,molclr_gin,MolCLR GIN,150,150,0.0062,-0.0009,0.0128,0.0137,0.945,400
BACE,molecule,unimol_v1,Uni-Mol v1,38,39,0.025,-0.1121,0.1282,0.2403,0.6775,400
BACE,molecule,unimol_v1,Uni-Mol v1,50,51,0.0201,-0.0789,0.0945,0.1734,0.65,400
BACE,molecule,unimol_v1,Uni-Mol v1,76,77,0.0126,-0.0547,0.0698,0.1245,0.6425,400
BACE,molecule,unimol_v1,Uni-Mol v1,100,101,0.0092,-0.0339,0.054,0.0879,0.6475,400
BACE,molecule,unimol_v1,Uni-Mol v1,114,115,0.01,-0.0224,0.0442,0.0666,0.7125,400
BACE,molecule,unimol_v1,Uni-Mol v1,150,150,0.0109,0.0037,0.0148,0.011,1.0,400
BACE,molecule,molformer_xl,MoLFormer-XL,38,39,0.0268,-0.1167,0.1262,0.2429,0.62,400
BACE,molecule,molformer_xl,MoLFormer-XL,50,51,0.0303,-0.0784,0.1122,0.1906,0.705,400
BACE,molecule,molformer_xl,MoLFormer-XL,76,77,0.0212,-0.0424,0.0871,0.1295,0.7325,400
BACE,molecule,molformer_xl,MoLFormer-XL,100,101,0.0166,-0.02,0.0616,0.0817,0.78,400
BACE,molecule,molformer_xl,MoLFormer-XL,114,115,0.0162,-0.0152,0.0514,0.0666,0.8275,400
BACE,molecule,molformer_xl,MoLFormer-XL,150,150,0.0163,0.0096,0.0215,0.0119,1.0,400
ESOL,molecule,grover_base,GROVER Base,28,28,-0.0035,-0.0376,0.0455,0.0831,0.41,400
ESOL,molecule,grover_base,GROVER Base,50,51,-0.0002,-0.0203,0.0251,0.0454,0.495,400
ESOL,molecule,grover_base,GROVER Base,57,57,0.0013,-0.0176,0.02,0.0376,0.585,400
ESOL,molecule,grover_base,GROVER Base,85,85,0.0018,-0.0103,0.0113,0.0216,0.6075,400
ESOL,molecule,grover_base,GROVER Base,100,101,0.0025,-0.0069,0.0078,0.0147,0.72,400
ESOL,molecule,rdkit2d,RDKit2D,28,28,0.0071,-0.0837,0.0824,0.1661,0.5875,400
ESOL,molecule,rdkit2d,RDKit2D,50,51,0.0102,-0.0373,0.0547,0.092,0.625,400
ESOL,molecule,rdkit2d,RDKit2D,57,57,0.0104,-0.0389,0.0474,0.0863,0.685,400
ESOL,molecule,rdkit2d,RDKit2D,85,86,0.0096,-0.0146,0.0297,0.0443,0.79,400
ESOL,molecule,rdkit2d,RDKit2D,100,101,0.0095,-0.0054,0.0214,0.0269,0.9075,400
ESOL,molecule,molformer_xl,MoLFormer-XL,28,29,0.0107,-0.0708,0.2252,0.2961,0.58,400
ESOL,molecule,molformer_xl,MoLFormer-XL,50,51,0.0094,-0.0483,0.1074,0.1557,0.5875,400
ESOL,molecule,molformer_xl,MoLFormer-XL,57,58,0.0263,-0.0411,0.1024,0.1435,0.655,400
ESOL,molecule,molformer_xl,MoLFormer-XL,85,86,0.0265,-0.0264,0.0581,0.0845,0.775,400
ESOL,molecule,molformer_xl,MoLFormer-XL,100,100,0.0225,-0.0199,0.0407,0.0606,0.86,400
ESOL,molecule,unimol_v1,Uni-Mol v1,28,28,0.0229,-0.0828,0.132,0.2148,0.6875,400
ESOL,molecule,unimol_v1,Uni-Mol v1,50,50,0.0243,-0.0284,0.0746,0.103,0.7875,400
ESOL,molecule,unimol_v1,Uni-Mol v1,57,58,0.0227,-0.0249,0.0707,0.0955,0.83,400
ESOL,molecule,unimol_v1,Uni-Mol v1,85,85,0.0229,-0.0039,0.0473,0.0512,0.9525,400
ESOL,molecule,unimol_v1,Uni-Mol v1,100,101,0.0238,0.0058,0.036,0.0302,0.995,400
ESOL,molecule,chemberta_77m,ChemBERTa-77M,28,29,0.0523,-0.0261,0.3305,0.3566,0.89,400
ESOL,molecule,chemberta_77m,ChemBERTa-77M,50,51,0.0629,-0.0073,0.1698,0.1771,0.95,400
ESOL,molecule,chemberta_77m,ChemBERTa-77M,57,58,0.0669,-0.0025,0.1446,0.1471,0.9625,400
ESOL,molecule,chemberta_77m,ChemBERTa-77M,85,85,0.0669,0.0212,0.1073,0.0861,1.0,400
ESOL,molecule,chemberta_77m,ChemBERTa-77M,100,101,0.0679,0.0279,0.0875,0.0597,1.0,400
ESOL,molecule,chemberta_zinc,ChemBERTa-ZINC,28,29,0.0823,-0.0022,0.2428,0.245,0.97,400
ESOL,molecule,chemberta_zinc,ChemBERTa-ZINC,50,50,0.0721,0.0206,0.1654,0.1448,1.0,400
ESOL,molecule,chemberta_zinc,ChemBERTa-ZINC,57,57,0.0737,0.0274,0.1479,0.1206,1.0,400
ESOL,molecule,chemberta_zinc,ChemBERTa-ZINC,85,86,0.0755,0.0379,0.1121,0.0742,1.0,400
ESOL,molecule,chemberta_zinc,ChemBERTa-ZINC,100,101,0.0751,0.0493,0.0908,0.0415,1.0,400
ESOL,molecule,ecfp4,ECFP4,28,28,0.281,0.1152,0.592,0.4768,1.0,400
ESOL,molecule,ecfp4,ECFP4,50,50,0.3012,0.1748,0.4698,0.295,1.0,400
ESOL,molecule,ecfp4,ECFP4,57,58,0.3013,0.1891,0.4376,0.2485,1.0,400
ESOL,molecule,ecfp4,ECFP4,85,85,0.2996,0.2242,0.3684,0.1442,1.0,400
ESOL,molecule,ecfp4,ECFP4,100,100,0.2985,0.2323,0.346,0.1137,1.0,400
ESOL,molecule,molclr_gin,MolCLR GIN,28,28,0.2648,0.0213,0.5948,0.5735,0.99,400
ESOL,molecule,molclr_gin,MolCLR GIN,50,50,0.3038,0.1281,0.4932,0.3651,1.0,400
ESOL,molecule,molclr_gin,MolCLR GIN,57,58,0.3019,0.1573,0.465,0.3077,1.0,400
ESOL,molecule,molclr_gin,MolCLR GIN,85,86,0.3065,0.2077,0.387,0.1793,1.0,400
ESOL,molecule,molclr_gin,MolCLR GIN,100,101,0.3057,0.2468,0.3532,0.1063,1.0,400
Lipophilicity,molecule,grover_base,GROVER Base,50,50,-0.0037,-0.1197,0.1204,0.24,0.5325,400
Lipophilicity,molecule,grover_base,GROVER Base,100,100,-0.0049,-0.0722,0.073,0.1452,0.565,400
Lipophilicity,molecule,grover_base,GROVER Base,105,105,-0.0007,-0.0592,0.073,0.1322,0.5075,400
Lipophilicity,molecule,grover_base,GROVER Base,150,150,-0.0005,-0.0505,0.0574,0.1079,0.5075,400
Lipophilicity,molecule,grover_base,GROVER Base,210,210,-0.0009,-0.0387,0.0403,0.079,0.5225,400
Lipophilicity,molecule,grover_base,GROVER Base,250,250,-0.0029,-0.0297,0.029,0.0587,0.57,400
Lipophilicity,molecule,grover_base,GROVER Base,315,315,-0.0016,-0.0213,0.0183,0.0396,0.575,400
Lipophilicity,molecule,rdkit2d,RDKit2D,50,50,0.0813,-0.0804,0.3095,0.3899,0.8325,400
Lipophilicity,molecule,rdkit2d,RDKit2D,100,100,0.1013,-0.021,0.2652,0.2862,0.945,400
Lipophilicity,molecule,rdkit2d,RDKit2D,105,105,0.0944,-0.0021,0.2569,0.2591,0.97,400
Lipophilicity,molecule,rdkit2d,RDKit2D,150,150,0.1007,0.0159,0.1895,0.1736,0.9875,400
Lipophilicity,molecule,rdkit2d,RDKit2D,210,210,0.0995,0.033,0.1773,0.1443,1.0,400
Lipophilicity,molecule,rdkit2d,RDKit2D,250,250,0.1066,0.0496,0.1606,0.111,1.0,400
Lipophilicity,molecule,rdkit2d,RDKit2D,315,315,0.1097,0.0627,0.146,0.0833,1.0,400
Lipophilicity,molecule,unimol_v1,Uni-Mol v1,50,50,0.1516,-0.0349,0.4719,0.5068,0.94,400
Lipophilicity,molecule,unimol_v1,Uni-Mol v1,100,100,0.1647,0.0352,0.3798,0.3446,1.0,400
Lipophilicity,molecule,unimol_v1,Uni-Mol v1,105,105,0.163,0.0211,0.362,0.3408,0.9975,400
Lipophilicity,molecule,unimol_v1,Uni-Mol v1,150,150,0.1591,0.0563,0.3107,0.2544,1.0,400
Lipophilicity,molecule,unimol_v1,Uni-Mol v1,210,210,0.1763,0.0836,0.2917,0.2081,1.0,400
Lipophilicity,molecule,unimol_v1,Uni-Mol v1,250,250,0.183,0.0919,0.2577,0.1658,1.0,400
Lipophilicity,molecule,unimol_v1,Uni-Mol v1,315,315,0.178,0.1208,0.2263,0.1055,1.0,400
Lipophilicity,molecule,chemberta_77m,ChemBERTa-77M,50,50,0.1569,-0.016,0.453,0.4691,0.965,400
Lipophilicity,molecule,chemberta_77m,ChemBERTa-77M,100,100,0.1672,0.0272,0.3779,0.3507,0.99,400
Lipophilicity,molecule,chemberta_77m,ChemBERTa-77M,105,105,0.1735,0.0404,0.3575,0.3171,1.0,400
Lipophilicity,molecule,chemberta_77m,ChemBERTa-77M,150,150,0.1696,0.0656,0.3322,0.2667,1.0,400
Lipophilicity,molecule,chemberta_77m,ChemBERTa-77M,210,210,0.1745,0.0894,0.2736,0.1842,1.0,400
Lipophilicity,molecule,chemberta_77m,ChemBERTa-77M,250,250,0.1788,0.1067,0.2581,0.1514,1.0,400
Lipophilicity,molecule,chemberta_77m,ChemBERTa-77M,315,315,0.1792,0.1243,0.2242,0.0999,1.0,400
Lipophilicity,molecule,molformer_xl,MoLFormer-XL,50,50,0.1708,-0.018,0.5128,0.5308,0.95,400
Lipophilicity,molecule,molformer_xl,MoLFormer-XL,100,100,0.1699,0.0207,0.403,0.3823,0.995,400
Lipophilicity,molecule,molformer_xl,MoLFormer-XL,105,105,0.1677,0.0299,0.4112,0.3813,0.995,400
Lipophilicity,molecule,molformer_xl,MoLFormer-XL,150,150,0.1782,0.066,0.3304,0.2644,0.9975,400
Lipophilicity,molecule,molformer_xl,MoLFormer-XL,210,210,0.182,0.0862,0.2992,0.213,1.0,400
Lipophilicity,molecule,molformer_xl,MoLFormer-XL,250,250,0.1884,0.0966,0.2805,0.1839,1.0,400
Lipophilicity,molecule,molformer_xl,MoLFormer-XL,315,315,0.1881,0.1099,0.2378,0.1279,1.0,400
Lipophilicity,molecule,ecfp4,ECFP4,50,50,0.2077,-0.0318,0.5068,0.5386,0.955,400
Lipophilicity,molecule,ecfp4,ECFP4,100,100,0.1885,0.0577,0.3521,0.2944,0.9975,400
Lipophilicity,molecule,ecfp4,ECFP4,105,105,0.1947,0.0433,0.3556,0.3123,1.0,400
Lipophilicity,molecule,ecfp4,ECFP4,150,150,0.1942,0.1026,0.2989,0.1962,1.0,400
Lipophilicity,molecule,ecfp4,ECFP4,210,210,0.1917,0.1219,0.2785,0.1566,1.0,400
Lipophilicity,molecule,ecfp4,ECFP4,250,250,0.1966,0.1371,0.2526,0.1154,1.0,400
Lipophilicity,molecule,ecfp4,ECFP4,315,315,0.1923,0.1483,0.2299,0.0817,1.0,400
Lipophilicity,molecule,molclr_gin,MolCLR GIN,50,50,0.1913,0.0034,0.4066,0.4032,0.9775,400
Lipophilicity,molecule,molclr_gin,MolCLR GIN,100,100,0.1939,0.0463,0.3337,0.2873,0.995,400
Lipophilicity,molecule,molclr_gin,MolCLR GIN,105,105,0.2019,0.0629,0.3479,0.285,1.0,400
Lipophilicity,molecule,molclr_gin,MolCLR GIN,150,150,0.1888,0.0764,0.294,0.2176,1.0,400
Lipophilicity,molecule,molclr_gin,MolCLR GIN,210,210,0.1951,0.1218,0.2778,0.156,1.0,400
Lipophilicity,molecule,molclr_gin,MolCLR GIN,250,250,0.1903,0.1311,0.2623,0.1313,1.0,400
Lipophilicity,molecule,molclr_gin,MolCLR GIN,315,315,0.1898,0.1448,0.2404,0.0955,1.0,400
Lipophilicity,molecule,chemberta_zinc,ChemBERTa-ZINC,50,50,0.2423,0.0467,0.5403,0.4935,0.99,400
Lipophilicity,molecule,chemberta_zinc,ChemBERTa-ZINC,100,100,0.2412,0.1009,0.4314,0.3305,1.0,400
Lipophilicity,molecule,chemberta_zinc,ChemBERTa-ZINC,105,105,0.2293,0.0963,0.3901,0.2938,1.0,400
Lipophilicity,molecule,chemberta_zinc,ChemBERTa-ZINC,150,150,0.2337,0.1229,0.3661,0.2432,1.0,400
Lipophilicity,molecule,chemberta_zinc,ChemBERTa-ZINC,210,210,0.2319,0.1577,0.313,0.1553,1.0,400
Lipophilicity,molecule,chemberta_zinc,ChemBERTa-ZINC,250,250,0.2328,0.1674,0.3028,0.1354,1.0,400
Lipophilicity,molecule,chemberta_zinc,ChemBERTa-ZINC,315,315,0.2329,0.1826,0.2845,0.1019,1.0,400
CYP3A4,molecule,chemberta_77m,ChemBERTa-77M,34,34,-0.0421,-0.1506,0.0508,0.2014,0.7975,400
CYP3A4,molecule,chemberta_77m,ChemBERTa-77M,50,50,-0.04,-0.0889,0.0098,0.0987,0.9075,400
CYP3A4,molecule,chemberta_77m,ChemBERTa-77M,51,51,-0.0414,-0.0862,0.0157,0.1019,0.9075,400
CYP3A4,molecule,ecfp4,ECFP4,34,34,-0.0035,-0.1335,0.1182,0.2517,0.47,400
CYP3A4,molecule,ecfp4,ECFP4,50,50,0.0006,-0.0731,0.083,0.156,0.5025,400
CYP3A4,molecule,ecfp4,ECFP4,51,51,0.0016,-0.0689,0.0741,0.143,0.5225,400
CYP3A4,molecule,molclr_gin,MolCLR GIN,34,34,0.0207,-0.1281,0.1545,0.2826,0.59,400
CYP3A4,molecule,molclr_gin,MolCLR GIN,50,50,0.0163,-0.0668,0.0892,0.156,0.6375,400
CYP3A4,molecule,molclr_gin,MolCLR GIN,51,51,0.0131,-0.0663,0.0936,0.1599,0.6575,400
CYP3A4,molecule,grover_large,GROVER Large,34,34,0.0313,-0.0477,0.1158,0.1636,0.7725,400
CYP3A4,molecule,grover_large,GROVER Large,50,50,0.0287,-0.0175,0.0773,0.0948,0.8725,400
CYP3A4,molecule,grover_large,GROVER Large,51,51,0.0285,-0.0196,0.0715,0.0911,0.88,400
CYP3A4,molecule,chemberta_zinc,ChemBERTa-ZINC,34,34,0.0231,-0.0946,0.1562,0.2508,0.63,400
CYP3A4,molecule,chemberta_zinc,ChemBERTa-ZINC,50,50,0.0312,-0.0544,0.0938,0.1482,0.76,400
CYP3A4,molecule,chemberta_zinc,ChemBERTa-ZINC,51,51,0.0316,-0.041,0.0988,0.1397,0.7775,400
CYP3A4,molecule,molformer_xl,MoLFormer-XL,34,34,0.0314,-0.1037,0.1462,0.25,0.6875,400
CYP3A4,molecule,molformer_xl,MoLFormer-XL,50,50,0.0353,-0.0479,0.1109,0.1588,0.81,400
CYP3A4,molecule,molformer_xl,MoLFormer-XL,51,51,0.0376,-0.0567,0.1072,0.1639,0.83,400
CYP3A4,molecule,grover_base,GROVER Base,34,34,0.0713,-0.02,0.1592,0.1792,0.935,400
CYP3A4,molecule,grover_base,GROVER Base,50,50,0.0753,0.0168,0.1332,0.1164,0.9975,400
CYP3A4,molecule,grover_base,GROVER Base,51,51,0.0737,0.0198,0.1234,0.1036,0.9975,400
CYP3A4,molecule,unimol_v1,Uni-Mol v1,34,34,0.1144,0.0142,0.2463,0.2321,0.9925,400
CYP3A4,molecule,unimol_v1,Uni-Mol v1,50,50,0.1103,0.0521,0.177,0.125,1.0,400
CYP3A4,molecule,unimol_v1,Uni-Mol v1,51,51,0.1131,0.0476,0.1731,0.1256,1.0,400
DeepLoc,protein,esm2_150m,ESM-2 150M,50,50,0.0125,-0.0317,0.0565,0.0882,0.7407,162
DeepLoc,protein,esm2_150m,ESM-2 150M,100,100,0.0116,-0.0257,0.0419,0.0677,0.7893,280
DeepLoc,protein,esm2_150m,ESM-2 150M,150,150,0.0124,-0.0174,0.0422,0.0595,0.8207,357
DeepLoc,protein,esm2_150m,ESM-2 150M,250,250,0.0122,-0.0091,0.0336,0.0426,0.8663,389
DeepLoc,protein,esm2_150m,ESM-2 150M,500,500,0.0123,-0.0027,0.0296,0.0323,0.945,400
DeepLoc,protein,esm2_150m,ESM-2 150M,1000,1000,0.0127,0.0028,0.0225,0.0197,0.99,400
DeepLoc,protein,esm2_150m,ESM-2 150M,1490,1490,0.0126,0.0044,0.0196,0.0153,0.9975,400
DeepLoc,protein,esm2_150m,ESM-2 150M,2000,2000,0.0123,0.0064,0.0187,0.0124,1.0,400
DeepLoc,protein,esm2_150m,ESM-2 150M,2981,2981,0.0125,0.0086,0.0166,0.0081,1.0,400
DeepLoc,protein,esm2_150m,ESM-2 150M,4472,4472,0.0124,0.01,0.015,0.005,1.0,400
DeepLoc,protein,esm2_150m,ESM-2 150M,5000,5000,0.0125,0.0109,0.0144,0.0035,1.0,400
DeepLoc,protein,esm2_35m,ESM-2 35M,50,50,0.0246,-0.0298,0.0809,0.1107,0.8014,146
DeepLoc,protein,esm2_35m,ESM-2 35M,100,100,0.0243,-0.0188,0.0694,0.0882,0.9046,283
DeepLoc,protein,esm2_35m,ESM-2 35M,150,150,0.0245,-0.0055,0.0626,0.0681,0.9415,342
DeepLoc,protein,esm2_35m,ESM-2 35M,250,250,0.0252,0.0015,0.0506,0.0491,0.9768,388
DeepLoc,protein,esm2_35m,ESM-2 35M,500,500,0.0255,0.0093,0.043,0.0337,1.0,400
DeepLoc,protein,esm2_35m,ESM-2 35M,1000,1000,0.0257,0.0139,0.0381,0.0242,1.0,400
DeepLoc,protein,esm2_35m,ESM-2 35M,1490,1490,0.0259,0.0161,0.0344,0.0183,1.0,400
DeepLoc,protein,esm2_35m,ESM-2 35M,2000,2000,0.0256,0.0188,0.0324,0.0136,1.0,400
DeepLoc,protein,esm2_35m,ESM-2 35M,2981,2981,0.0258,0.0209,0.0314,0.0104,1.0,400
DeepLoc,protein,esm2_35m,ESM-2 35M,4472,4472,0.0258,0.0226,0.0292,0.0066,1.0,400
DeepLoc,protein,esm2_35m,ESM-2 35M,5000,5000,0.0259,0.0237,0.0281,0.0044,1.0,400
DeepLoc,protein,protbert,ProtBERT,50,50,0.0276,-0.0239,0.0996,0.1235,0.9048,147
DeepLoc,protein,protbert,ProtBERT,100,100,0.0306,-0.0184,0.0764,0.0948,0.9122,296
DeepLoc,protein,protbert,ProtBERT,150,150,0.0321,-0.0115,0.0675,0.079,0.9441,340
DeepLoc,protein,protbert,ProtBERT,250,250,0.031,-0.001,0.0684,0.0694,0.9682,377
DeepLoc,protein,protbert,ProtBERT,500,500,0.0317,0.0117,0.0499,0.0382,0.9975,399
DeepLoc,protein,protbert,ProtBERT,1000,1000,0.0309,0.0173,0.0447,0.0273,1.0,400
DeepLoc,protein,protbert,ProtBERT,1490,1490,0.0309,0.0197,0.0409,0.0212,1.0,400
DeepLoc,protein,protbert,ProtBERT,2000,2000,0.0309,0.0228,0.0397,0.0169,1.0,400
DeepLoc,protein,protbert,ProtBERT,2981,2981,0.0314,0.0256,0.0365,0.0109,1.0,400
DeepLoc,protein,protbert,ProtBERT,4472,4472,0.0311,0.0274,0.0345,0.0071,1.0,400
DeepLoc,protein,protbert,ProtBERT,5000,5000,0.031,0.0286,0.0336,0.005,1.0,400
DeepLoc,protein,esm2_8m,ESM-2 8M,50,50,0.0498,-0.0229,0.1332,0.1561,0.9384,146
DeepLoc,protein,esm2_8m,ESM-2 8M,100,100,0.046,-0.0016,0.1028,0.1044,0.9695,295
DeepLoc,protein,esm2_8m,ESM-2 8M,150,150,0.0443,0.0056,0.1033,0.0977,0.9884,345
DeepLoc,protein,esm2_8m,ESM-2 8M,250,250,0.0451,0.0137,0.0834,0.0697,1.0,387
DeepLoc,protein,esm2_8m,ESM-2 8M,500,500,0.0451,0.0246,0.0674,0.0428,1.0,400
DeepLoc,protein,esm2_8m,ESM-2 8M,1000,1000,0.0456,0.031,0.061,0.03,1.0,400
DeepLoc,protein,esm2_8m,ESM-2 8M,1490,1490,0.046,0.0335,0.0583,0.0248,1.0,400
DeepLoc,protein,esm2_8m,ESM-2 8M,2000,2000,0.0459,0.0375,0.0552,0.0177,1.0,400
DeepLoc,protein,esm2_8m,ESM-2 8M,2981,2981,0.0459,0.0402,0.0528,0.0126,1.0,400
DeepLoc,protein,esm2_8m,ESM-2 8M,4472,4472,0.046,0.0421,0.0501,0.008,1.0,400
DeepLoc,protein,esm2_8m,ESM-2 8M,5000,5000,0.0461,0.0427,0.0489,0.0061,1.0,400
DeepLoc,protein,kmer3_protein,3-mer frequency,50,50,0.1736,0.0743,0.2603,0.186,1.0,155
DeepLoc,protein,kmer3_protein,3-mer frequency,100,100,0.1767,0.0977,0.2617,0.164,1.0,294
DeepLoc,protein,kmer3_protein,3-mer frequency,150,150,0.1729,0.1089,0.2417,0.1328,1.0,347
DeepLoc,protein,kmer3_protein,3-mer frequency,250,250,0.1773,0.1253,0.2275,0.1022,1.0,386
DeepLoc,protein,kmer3_protein,3-mer frequency,500,500,0.1748,0.1419,0.2071,0.0652,1.0,400
DeepLoc,protein,kmer3_protein,3-mer frequency,1000,1000,0.1757,0.1522,0.1958,0.0436,1.0,400
DeepLoc,protein,kmer3_protein,3-mer frequency,1490,1490,0.1771,0.1612,0.1923,0.0312,1.0,400
DeepLoc,protein,kmer3_protein,3-mer frequency,2000,2000,0.1753,0.1601,0.1899,0.0298,1.0,400
DeepLoc,protein,kmer3_protein,3-mer frequency,2981,2981,0.1758,0.1662,0.1848,0.0187,1.0,400
DeepLoc,protein,kmer3_protein,3-mer frequency,4472,4472,0.1757,0.17,0.1818,0.0118,1.0,400
DeepLoc,protein,kmer3_protein,3-mer frequency,5000,5000,0.1757,0.1714,0.1795,0.0081,1.0,400
Fluorescence,protein,protbert,ProtBERT,50,50,0.0153,-0.0613,0.082,0.1433,0.665,400
Fluorescence,protein,protbert,ProtBERT,100,100,0.0131,-0.0386,0.0619,0.1005,0.7175,400
Fluorescence,protein,protbert,ProtBERT,150,150,0.0107,-0.0231,0.05,0.0732,0.7275,400
Fluorescence,protein,protbert,ProtBERT,250,250,0.0128,-0.0196,0.0411,0.0607,0.78,400
Fluorescence,protein,protbert,ProtBERT,500,500,0.0111,-0.0136,0.0296,0.0432,0.85,400
Fluorescence,protein,protbert,ProtBERT,1000,1000,0.0116,-0.0036,0.0274,0.031,0.9375,400
Fluorescence,protein,protbert,ProtBERT,2000,2000,0.012,0.0022,0.0225,0.0202,0.9925,400
Fluorescence,protein,protbert,ProtBERT,5000,5000,0.0114,0.0064,0.0176,0.0112,1.0,400
Fluorescence,protein,protbert,ProtBERT,6804,6804,0.0116,0.0065,0.0168,0.0103,1.0,400
Fluorescence,protein,protbert,ProtBERT,10000,10000,0.0117,0.0079,0.0153,0.0074,1.0,400
Fluorescence,protein,protbert,ProtBERT,13608,13608,0.0119,0.009,0.0148,0.0057,1.0,400
Fluorescence,protein,protbert,ProtBERT,20000,20000,0.0117,0.0101,0.0133,0.0033,1.0,400
Fluorescence,protein,protbert,ProtBERT,20412,20412,0.0117,0.01,0.0133,0.0034,1.0,400
Fluorescence,protein,esm2_650m,ESM-2 650M,50,50,0.0544,-0.0479,0.1987,0.2466,0.8125,400
Fluorescence,protein,esm2_650m,ESM-2 650M,100,100,0.0628,-0.0241,0.1529,0.1769,0.9175,400
Fluorescence,protein,esm2_650m,ESM-2 650M,150,150,0.0644,-0.0022,0.1411,0.1433,0.9675,400
Fluorescence,protein,esm2_650m,ESM-2 650M,250,250,0.0633,0.0087,0.1101,0.1014,0.985,400
Fluorescence,protein,esm2_650m,ESM-2 650M,500,500,0.0626,0.0233,0.0993,0.0759,1.0,400
Fluorescence,protein,esm2_650m,ESM-2 650M,1000,1000,0.0613,0.0339,0.0885,0.0546,1.0,400
Fluorescence,protein,esm2_650m,ESM-2 650M,2000,2000,0.0603,0.0417,0.0771,0.0354,1.0,400
Fluorescence,protein,esm2_650m,ESM-2 650M,5000,5000,0.0604,0.0488,0.0717,0.0229,1.0,400
Fluorescence,protein,esm2_650m,ESM-2 650M,6804,6804,0.0608,0.0522,0.0691,0.0169,1.0,400
Fluorescence,protein,esm2_650m,ESM-2 650M,10000,10000,0.0603,0.0544,0.0683,0.0138,1.0,400
Fluorescence,protein,esm2_650m,ESM-2 650M,13608,13608,0.0608,0.0554,0.066,0.0106,1.0,400
Fluorescence,protein,esm2_650m,ESM-2 650M,20000,20000,0.0608,0.0575,0.0635,0.006,1.0,400
Fluorescence,protein,esm2_650m,ESM-2 650M,20412,20412,0.0605,0.0576,0.0634,0.0058,1.0,400
Fluorescence,protein,esm2_35m,ESM-2 35M,50,50,0.0808,-0.0594,0.2398,0.2992,0.8775,400
Fluorescence,protein,esm2_35m,ESM-2 35M,100,100,0.0767,-0.0176,0.168,0.1855,0.9325,400
Fluorescence,protein,esm2_35m,ESM-2 35M,150,150,0.0793,0.0042,0.154,0.1497,0.9825,400
Fluorescence,protein,esm2_35m,ESM-2 35M,250,250,0.0789,0.0155,0.1376,0.1221,1.0,400
Fluorescence,protein,esm2_35m,ESM-2 35M,500,500,0.0798,0.0388,0.1238,0.085,1.0,400
Fluorescence,protein,esm2_35m,ESM-2 35M,1000,1000,0.0798,0.0519,0.1103,0.0584,1.0,400
Fluorescence,protein,esm2_35m,ESM-2 35M,2000,2000,0.0797,0.0618,0.1007,0.039,1.0,400
Fluorescence,protein,esm2_35m,ESM-2 35M,5000,5000,0.0804,0.0694,0.0916,0.0222,1.0,400
Fluorescence,protein,esm2_35m,ESM-2 35M,6804,6804,0.0801,0.0708,0.0889,0.0181,1.0,400
Fluorescence,protein,esm2_35m,ESM-2 35M,10000,10000,0.0804,0.0729,0.0874,0.0145,1.0,400
Fluorescence,protein,esm2_35m,ESM-2 35M,13608,13608,0.0805,0.0752,0.0861,0.0109,1.0,400
Fluorescence,protein,esm2_35m,ESM-2 35M,20000,20000,0.0806,0.077,0.084,0.007,1.0,400
Fluorescence,protein,esm2_35m,ESM-2 35M,20412,20412,0.0805,0.0775,0.0837,0.0062,1.0,400
Fluorescence,protein,esm2_150m,ESM-2 150M,50,50,0.0775,-0.0531,0.2478,0.3008,0.86,400
Fluorescence,protein,esm2_150m,ESM-2 150M,100,100,0.0863,-0.0119,0.1872,0.1991,0.9575,400
Fluorescence,protein,esm2_150m,ESM-2 150M,150,150,0.085,0.0109,0.1745,0.1636,0.9875,400
Fluorescence,protein,esm2_150m,ESM-2 150M,250,250,0.088,0.0306,0.1565,0.126,0.995,400
Fluorescence,protein,esm2_150m,ESM-2 150M,500,500,0.0901,0.0441,0.1309,0.0868,1.0,400
Fluorescence,protein,esm2_150m,ESM-2 150M,1000,1000,0.0902,0.062,0.1196,0.0576,1.0,400
Fluorescence,protein,esm2_150m,ESM-2 150M,2000,2000,0.0891,0.0694,0.1104,0.0411,1.0,400
Fluorescence,protein,esm2_150m,ESM-2 150M,5000,5000,0.0899,0.0766,0.1003,0.0237,1.0,400
Fluorescence,protein,esm2_150m,ESM-2 150M,6804,6804,0.0892,0.0792,0.0998,0.0206,1.0,400
Fluorescence,protein,esm2_150m,ESM-2 150M,10000,10000,0.0893,0.0819,0.0964,0.0144,1.0,400
Fluorescence,protein,esm2_150m,ESM-2 150M,13608,13608,0.0896,0.084,0.0957,0.0118,1.0,400
Fluorescence,protein,esm2_150m,ESM-2 150M,20000,20000,0.0897,0.0865,0.0933,0.0069,1.0,400
Fluorescence,protein,esm2_150m,ESM-2 150M,20412,20412,0.0897,0.0864,0.093,0.0066,1.0,400
Fluorescence,protein,esm2_8m,ESM-2 8M,50,50,0.096,-0.0381,0.2286,0.2667,0.9075,400
Fluorescence,protein,esm2_8m,ESM-2 8M,100,100,0.0984,-0.0003,0.2,0.2003,0.9725,400
Fluorescence,protein,esm2_8m,ESM-2 8M,150,150,0.099,0.0174,0.1865,0.1692,0.9975,400
Fluorescence,protein,esm2_8m,ESM-2 8M,250,250,0.1003,0.0459,0.163,0.1171,1.0,400
Fluorescence,protein,esm2_8m,ESM-2 8M,500,500,0.1016,0.0565,0.1436,0.0872,1.0,400
Fluorescence,protein,esm2_8m,ESM-2 8M,1000,1000,0.0998,0.0692,0.1327,0.0635,1.0,400
Fluorescence,protein,esm2_8m,ESM-2 8M,2000,2000,0.1002,0.0806,0.122,0.0414,1.0,400
Fluorescence,protein,esm2_8m,ESM-2 8M,5000,5000,0.1006,0.0889,0.1135,0.0246,1.0,400
Fluorescence,protein,esm2_8m,ESM-2 8M,6804,6804,0.1012,0.0907,0.1111,0.0204,1.0,400
Fluorescence,protein,esm2_8m,ESM-2 8M,10000,10000,0.1007,0.0929,0.1088,0.0158,1.0,400
Fluorescence,protein,esm2_8m,ESM-2 8M,13608,13608,0.1005,0.0946,0.107,0.0124,1.0,400
Fluorescence,protein,esm2_8m,ESM-2 8M,20000,20000,0.1007,0.0967,0.1042,0.0075,1.0,400
Fluorescence,protein,esm2_8m,ESM-2 8M,20412,20412,0.1007,0.0972,0.1037,0.0065,1.0,400
Promoters,genomics,hyenadna,HyenaDNA-tiny,50,50,0.0,-0.0374,0.0354,0.0728,0.47,400
Promoters,genomics,hyenadna,HyenaDNA-tiny,100,100,-0.0016,-0.023,0.026,0.0489,0.545,400
Promoters,genomics,hyenadna,HyenaDNA-tiny,150,150,-0.0031,-0.0213,0.0184,0.0397,0.5875,400
Promoters,genomics,hyenadna,HyenaDNA-tiny,250,250,-0.0021,-0.0145,0.013,0.0276,0.61,400
Promoters,genomics,hyenadna,HyenaDNA-tiny,392,392,-0.0015,-0.0137,0.0098,0.0235,0.615,400
Promoters,genomics,hyenadna,HyenaDNA-tiny,500,500,-0.0012,-0.0101,0.007,0.0171,0.6025,400
Promoters,genomics,hyenadna,HyenaDNA-tiny,785,785,-0.0019,-0.008,0.0047,0.0127,0.73,400
Promoters,genomics,hyenadna,HyenaDNA-tiny,1000,1000,-0.0018,-0.0069,0.0028,0.0097,0.76,400
Promoters,genomics,hyenadna,HyenaDNA-tiny,1178,1178,-0.0018,-0.0053,0.0013,0.0066,0.8175,400
Promoters,genomics,kmer5_dna,5-mer frequency,50,50,0.0048,-0.0369,0.0535,0.0904,0.5775,400
Promoters,genomics,kmer5_dna,5-mer frequency,100,100,0.006,-0.0208,0.0381,0.0589,0.64,400
Promoters,genomics,kmer5_dna,5-mer frequency,150,150,0.0058,-0.0164,0.0333,0.0497,0.7025,400
Promoters,genomics,kmer5_dna,5-mer frequency,250,250,0.0055,-0.0114,0.0238,0.0352,0.78,400
Promoters,genomics,kmer5_dna,5-mer frequency,392,392,0.0063,-0.0047,0.0181,0.0228,0.8325,400
Promoters,genomics,kmer5_dna,5-mer frequency,500,500,0.0057,-0.0048,0.0165,0.0214,0.86,400
Promoters,genomics,kmer5_dna,5-mer frequency,785,785,0.006,-0.0015,0.0124,0.0139,0.9425,400
Promoters,genomics,kmer5_dna,5-mer frequency,1000,1000,0.0061,-0.0,0.0107,0.0107,0.9725,400
Promoters,genomics,kmer5_dna,5-mer frequency,1178,1178,0.0059,0.0017,0.0099,0.0082,1.0,400
